<code_scheme name="Default" version="173">
  <Objective-C>
    <option name="KEEP_NESTED_NAMESPACES_IN_ONE_LINE" value="true" />
    <option name="NAMESPACE_BRACE_PLACEMENT" value="2" />
    <option name="FUNCTION_BRACE_PLACEMENT" value="2" />
    <option name="BLOCK_BRACE_PLACEMENT" value="2" />
    <option name="SUPERCLASS_LIST_WRAP" value="1" />
    <option name="ADD_BRIEF_TAG" value="true" />
    <option name="TAG_PREFIX_OF_LINE_COMMENT" value="AT" />
  </Objective-C>
  <Objective-C-extensions>
    <option name="TAG_PREFIX_OF_LINE_COMMENT" value="AT" />
  </Objective-C-extensions>
  <Objective-C-extensions>
    <option name="TAG_PREFIX_OF_LINE_COMMENT" value="AT" />
  </Objective-C-extensions>
  <files>
    <extensions>
      <pair source="cpp" header="hpp" fileNamingConvention="NONE" />
      <pair source="c" header="h" fileNamingConvention="NONE" />
      <pair source="cu" header="cuh" fileNamingConvention="NONE" />
      <pair source="ixx" header="" fileNamingConvention="NONE" />
      <pair source="mxx" header="" fileNamingConvention="NONE" />
      <pair source="cppm" header="" fileNamingConvention="NONE" />
      <pair source="ccm" header="" fileNamingConvention="NONE" />
      <pair source="cxxm" header="" fileNamingConvention="NONE" />
      <pair source="c++m" header="" fileNamingConvention="NONE" />
    </extensions>
  </files>
  <codeStyleSettings language="ObjectiveC">
    <option name="KEEP_CONTROL_STATEMENT_IN_ONE_LINE" value="false" />
    <option name="BRACE_STYLE" value="2" />
    <option name="CLASS_BRACE_STYLE" value="2" />
    <option name="ALIGN_MULTILINE_CHAINED_METHODS" value="true" />
    <option name="METHOD_CALL_CHAIN_WRAP" value="1" />
    <option name="KEEP_SIMPLE_BLOCKS_IN_ONE_LINE" value="false" />
    <option name="KEEP_SIMPLE_METHODS_IN_ONE_LINE" value="false" />
    <indentOptions>
      <option name="USE_TAB_CHARACTER" value="true" />
    </indentOptions>
  </codeStyleSettings>
</code_scheme>